country_code;region_name;sub_region_name;intermediate_region;country_name;income_group
ABW;AMERICAS;LATIN AMERICA AND THE CARIBBEAN;CARIBBEAN;ARUBA;INGRESO ALTO
AFG;ASIA;SOUTHERN ASIA;NO DATA;AFGHANISTAN;PAÍSES DE INGRESO BAJO
AGO;AFRICA;SUB-SAHARAN AFRICA;MIDDLE AFRICA;ANGOLA;PAÍSES DE INGRESO MEDIANO BAJO
ALB;EUROPE;SOUTHERN EUROPE;NO DATA;ALBANIA;INGRESO MEDIANO ALTO
AND;EUROPE;SOUTHERN EUROPE;NO DATA;ANDORRA;INGRESO ALTO
ARE;ASIA;WESTERN ASIA;NO DATA;UNITED ARAB EMIRATES;INGRESO ALTO
ARG;AMERICAS;LATIN AMERICA AND THE CARIBBEAN;SOUTH AMERICA;ARGENTINA;INGRESO MEDIANO ALTO
ARM;ASIA;WESTERN ASIA;NO DATA;ARMENIA;INGRESO MEDIANO ALTO
ASM;OCEANIA;POLYNESIA;NO DATA;AMERICAN SAMOA;INGRESO ALTO
ATG;AMERICAS;LATIN AMERICA AND THE CARIBBEAN;CARIBBEAN;ANTIGUA AND BARBUDA;INGRESO ALTO
AUS;OCEANIA;AUSTRALIA AND NEW ZEALAND;NO DATA;AUSTRALIA;INGRESO ALTO
AUT;EUROPE;WESTERN EUROPE;NO DATA;AUSTRIA;INGRESO ALTO
AZE;ASIA;WESTERN ASIA;NO DATA;AZERBAIJAN;INGRESO MEDIANO ALTO
BDI;AFRICA;SUB-SAHARAN AFRICA;EASTERN AFRICA;BURUNDI;PAÍSES DE INGRESO BAJO
BEL;EUROPE;WESTERN EUROPE;NO DATA;BELGIUM;INGRESO ALTO
BEN;AFRICA;SUB-SAHARAN AFRICA;WESTERN AFRICA;BENIN;PAÍSES DE INGRESO MEDIANO BAJO
BFA;AFRICA;SUB-SAHARAN AFRICA;WESTERN AFRICA;BURKINA FASO;PAÍSES DE INGRESO BAJO
BGD;ASIA;SOUTHERN ASIA;NO DATA;BANGLADESH;PAÍSES DE INGRESO MEDIANO BAJO
BGR;EUROPE;EASTERN EUROPE;NO DATA;BULGARIA;INGRESO ALTO
BHR;ASIA;WESTERN ASIA;NO DATA;BAHRAIN;INGRESO ALTO
BHS;AMERICAS;LATIN AMERICA AND THE CARIBBEAN;CARIBBEAN;BAHAMAS;INGRESO ALTO
BIH;EUROPE;SOUTHERN EUROPE;NO DATA;BOSNIA AND HERZEGOVINA;INGRESO MEDIANO ALTO
BLR;EUROPE;EASTERN EUROPE;NO DATA;BELARUS;INGRESO MEDIANO ALTO
BLZ;AMERICAS;LATIN AMERICA AND THE CARIBBEAN;CENTRAL AMERICA;BELIZE;INGRESO MEDIANO ALTO
BMU;AMERICAS;NORTHERN AMERICA;NO DATA;BERMUDA;INGRESO ALTO
BOL;AMERICAS;LATIN AMERICA AND THE CARIBBEAN;SOUTH AMERICA;BOLIVIA (PLURINATIONAL STATE OF);PAÍSES DE INGRESO MEDIANO BAJO
BRA;AMERICAS;LATIN AMERICA AND THE CARIBBEAN;SOUTH AMERICA;BRAZIL;INGRESO MEDIANO ALTO
BRB;AMERICAS;LATIN AMERICA AND THE CARIBBEAN;CARIBBEAN;BARBADOS;INGRESO ALTO
BRN;ASIA;SOUTH-EASTERN ASIA;NO DATA;BRUNEI DARUSSALAM;INGRESO ALTO
BTN;ASIA;SOUTHERN ASIA;NO DATA;BHUTAN;PAÍSES DE INGRESO MEDIANO BAJO
BWA;AFRICA;SUB-SAHARAN AFRICA;SOUTHERN AFRICA;BOTSWANA;INGRESO MEDIANO ALTO
CAF;AFRICA;SUB-SAHARAN AFRICA;MIDDLE AFRICA;CENTRAL AFRICAN REPUBLIC;PAÍSES DE INGRESO BAJO
CAN;AMERICAS;NORTHERN AMERICA;NO DATA;CANADA;INGRESO ALTO
CHE;EUROPE;WESTERN EUROPE;NO DATA;SWITZERLAND;INGRESO ALTO
CHL;AMERICAS;LATIN AMERICA AND THE CARIBBEAN;SOUTH AMERICA;CHILE;INGRESO ALTO
CHN;ASIA;EASTERN ASIA;NO DATA;CHINA;INGRESO MEDIANO ALTO
CIV;AFRICA;SUB-SAHARAN AFRICA;WESTERN AFRICA;CÔTE D'IVOIRE;PAÍSES DE INGRESO MEDIANO BAJO
CMR;AFRICA;SUB-SAHARAN AFRICA;MIDDLE AFRICA;CAMEROON;PAÍSES DE INGRESO MEDIANO BAJO
COD;AFRICA;SUB-SAHARAN AFRICA;MIDDLE AFRICA;CONGO, DEMOCRATIC REPUBLIC OF THE;PAÍSES DE INGRESO BAJO
COG;AFRICA;SUB-SAHARAN AFRICA;MIDDLE AFRICA;CONGO;PAÍSES DE INGRESO MEDIANO BAJO
COL;AMERICAS;LATIN AMERICA AND THE CARIBBEAN;SOUTH AMERICA;COLOMBIA;INGRESO MEDIANO ALTO
COM;AFRICA;SUB-SAHARAN AFRICA;EASTERN AFRICA;COMOROS;PAÍSES DE INGRESO MEDIANO BAJO
CPV;AFRICA;SUB-SAHARAN AFRICA;WESTERN AFRICA;CABO VERDE;PAÍSES DE INGRESO MEDIANO BAJO
CRI;AMERICAS;LATIN AMERICA AND THE CARIBBEAN;CENTRAL AMERICA;COSTA RICA;INGRESO MEDIANO ALTO
CUB;AMERICAS;LATIN AMERICA AND THE CARIBBEAN;CARIBBEAN;CUBA;INGRESO MEDIANO ALTO
CUW;AMERICAS;LATIN AMERICA AND THE CARIBBEAN;CARIBBEAN;CURAÇAO;INGRESO ALTO
CYM;AMERICAS;LATIN AMERICA AND THE CARIBBEAN;CARIBBEAN;CAYMAN ISLANDS;INGRESO ALTO
CYP;ASIA;WESTERN ASIA;NO DATA;CYPRUS;INGRESO ALTO
CZE;EUROPE;EASTERN EUROPE;NO DATA;CZECHIA;INGRESO ALTO
DEU;EUROPE;WESTERN EUROPE;NO DATA;GERMANY;INGRESO ALTO
DJI;AFRICA;SUB-SAHARAN AFRICA;EASTERN AFRICA;DJIBOUTI;PAÍSES DE INGRESO MEDIANO BAJO
DMA;AMERICAS;LATIN AMERICA AND THE CARIBBEAN;CARIBBEAN;DOMINICA;INGRESO MEDIANO ALTO
DNK;EUROPE;NORTHERN EUROPE;NO DATA;DENMARK;INGRESO ALTO
DOM;AMERICAS;LATIN AMERICA AND THE CARIBBEAN;CARIBBEAN;DOMINICAN REPUBLIC;INGRESO MEDIANO ALTO
DZA;AFRICA;NORTHERN AFRICA;NO DATA;ALGERIA;INGRESO MEDIANO ALTO
ECU;AMERICAS;LATIN AMERICA AND THE CARIBBEAN;SOUTH AMERICA;ECUADOR;INGRESO MEDIANO ALTO
EGY;AFRICA;NORTHERN AFRICA;NO DATA;EGYPT;PAÍSES DE INGRESO MEDIANO BAJO
ERI;AFRICA;SUB-SAHARAN AFRICA;EASTERN AFRICA;ERITREA;PAÍSES DE INGRESO BAJO
ESP;EUROPE;SOUTHERN EUROPE;NO DATA;SPAIN;INGRESO ALTO
EST;EUROPE;NORTHERN EUROPE;NO DATA;ESTONIA;INGRESO ALTO
ETH;AFRICA;SUB-SAHARAN AFRICA;EASTERN AFRICA;ETHIOPIA;PAÍSES DE INGRESO BAJO
FIN;EUROPE;NORTHERN EUROPE;NO DATA;FINLAND;INGRESO ALTO
FJI;OCEANIA;MELANESIA;NO DATA;FIJI;INGRESO MEDIANO ALTO
FRA;EUROPE;WESTERN EUROPE;NO DATA;FRANCE;INGRESO ALTO
FRO;EUROPE;NORTHERN EUROPE;NO DATA;FAROE ISLANDS;INGRESO ALTO
FSM;OCEANIA;MICRONESIA;NO DATA;MICRONESIA (FEDERATED STATES OF);PAÍSES DE INGRESO MEDIANO BAJO
GAB;AFRICA;SUB-SAHARAN AFRICA;MIDDLE AFRICA;GABON;INGRESO MEDIANO ALTO
GBR;EUROPE;NORTHERN EUROPE;NO DATA;UNITED KINGDOM OF GREAT BRITAIN AND NORTHERN IRELAND;INGRESO ALTO
GEO;ASIA;WESTERN ASIA;NO DATA;GEORGIA;INGRESO MEDIANO ALTO
GHA;AFRICA;SUB-SAHARAN AFRICA;WESTERN AFRICA;GHANA;PAÍSES DE INGRESO MEDIANO BAJO
GIB;EUROPE;SOUTHERN EUROPE;NO DATA;GIBRALTAR;INGRESO ALTO
GIN;AFRICA;SUB-SAHARAN AFRICA;WESTERN AFRICA;GUINEA;PAÍSES DE INGRESO MEDIANO BAJO
GMB;AFRICA;SUB-SAHARAN AFRICA;WESTERN AFRICA;GAMBIA;PAÍSES DE INGRESO BAJO
GNB;AFRICA;SUB-SAHARAN AFRICA;WESTERN AFRICA;GUINEA-BISSAU;PAÍSES DE INGRESO BAJO
GNQ;AFRICA;SUB-SAHARAN AFRICA;MIDDLE AFRICA;EQUATORIAL GUINEA;INGRESO MEDIANO ALTO
GRC;EUROPE;SOUTHERN EUROPE;NO DATA;GREECE;INGRESO ALTO
GRD;AMERICAS;LATIN AMERICA AND THE CARIBBEAN;CARIBBEAN;GRENADA;INGRESO MEDIANO ALTO
GRL;AMERICAS;NORTHERN AMERICA;NO DATA;GREENLAND;INGRESO ALTO
GTM;AMERICAS;LATIN AMERICA AND THE CARIBBEAN;CENTRAL AMERICA;GUATEMALA;INGRESO MEDIANO ALTO
GUM;OCEANIA;MICRONESIA;NO DATA;GUAM;INGRESO ALTO
GUY;AMERICAS;LATIN AMERICA AND THE CARIBBEAN;SOUTH AMERICA;GUYANA;INGRESO ALTO
HKG;ASIA;EASTERN ASIA;NO DATA;HONG KONG;INGRESO ALTO
HND;AMERICAS;LATIN AMERICA AND THE CARIBBEAN;CENTRAL AMERICA;HONDURAS;PAÍSES DE INGRESO MEDIANO BAJO
HRV;EUROPE;SOUTHERN EUROPE;NO DATA;CROATIA;INGRESO ALTO
HTI;AMERICAS;LATIN AMERICA AND THE CARIBBEAN;CARIBBEAN;HAITI;PAÍSES DE INGRESO MEDIANO BAJO
HUN;EUROPE;EASTERN EUROPE;NO DATA;HUNGARY;INGRESO ALTO
IDN;ASIA;SOUTH-EASTERN ASIA;NO DATA;INDONESIA;INGRESO MEDIANO ALTO
IMN;EUROPE;NORTHERN EUROPE;NO DATA;ISLE OF MAN;INGRESO ALTO
IND;ASIA;SOUTHERN ASIA;NO DATA;INDIA;PAÍSES DE INGRESO MEDIANO BAJO
IRL;EUROPE;NORTHERN EUROPE;NO DATA;IRELAND;INGRESO ALTO
IRN;ASIA;SOUTHERN ASIA;NO DATA;IRAN (ISLAMIC REPUBLIC OF);INGRESO MEDIANO ALTO
IRQ;ASIA;WESTERN ASIA;NO DATA;IRAQ;INGRESO MEDIANO ALTO
ISL;EUROPE;NORTHERN EUROPE;NO DATA;ICELAND;INGRESO ALTO
ISR;ASIA;WESTERN ASIA;NO DATA;ISRAEL;INGRESO ALTO
ITA;EUROPE;SOUTHERN EUROPE;NO DATA;ITALY;INGRESO ALTO
JAM;AMERICAS;LATIN AMERICA AND THE CARIBBEAN;CARIBBEAN;JAMAICA;INGRESO MEDIANO ALTO
JOR;ASIA;WESTERN ASIA;NO DATA;JORDAN;PAÍSES DE INGRESO MEDIANO BAJO
JPN;ASIA;EASTERN ASIA;NO DATA;JAPAN;INGRESO ALTO
KAZ;ASIA;CENTRAL ASIA;NO DATA;KAZAKHSTAN;INGRESO MEDIANO ALTO
KEN;AFRICA;SUB-SAHARAN AFRICA;EASTERN AFRICA;KENYA;PAÍSES DE INGRESO MEDIANO BAJO
KGZ;ASIA;CENTRAL ASIA;NO DATA;KYRGYZSTAN;PAÍSES DE INGRESO MEDIANO BAJO
KHM;ASIA;SOUTH-EASTERN ASIA;NO DATA;CAMBODIA;PAÍSES DE INGRESO MEDIANO BAJO
KIR;OCEANIA;MICRONESIA;NO DATA;KIRIBATI;PAÍSES DE INGRESO MEDIANO BAJO
KNA;AMERICAS;LATIN AMERICA AND THE CARIBBEAN;CARIBBEAN;SAINT KITTS AND NEVIS;INGRESO ALTO
KOR;ASIA;EASTERN ASIA;NO DATA;KOREA, REPUBLIC OF;INGRESO ALTO
KWT;ASIA;WESTERN ASIA;NO DATA;KUWAIT;INGRESO ALTO
LAO;ASIA;SOUTH-EASTERN ASIA;NO DATA;LAO PEOPLE'S DEMOCRATIC REPUBLIC;PAÍSES DE INGRESO MEDIANO BAJO
LBN;ASIA;WESTERN ASIA;NO DATA;LEBANON;PAÍSES DE INGRESO MEDIANO BAJO
LBR;AFRICA;SUB-SAHARAN AFRICA;WESTERN AFRICA;LIBERIA;PAÍSES DE INGRESO BAJO
LBY;AFRICA;NORTHERN AFRICA;NO DATA;LIBYA;INGRESO MEDIANO ALTO
LCA;AMERICAS;LATIN AMERICA AND THE CARIBBEAN;CARIBBEAN;SAINT LUCIA;INGRESO MEDIANO ALTO
LIE;EUROPE;WESTERN EUROPE;NO DATA;LIECHTENSTEIN;INGRESO ALTO
LKA;ASIA;SOUTHERN ASIA;NO DATA;SRI LANKA;PAÍSES DE INGRESO MEDIANO BAJO
LSO;AFRICA;SUB-SAHARAN AFRICA;SOUTHERN AFRICA;LESOTHO;PAÍSES DE INGRESO MEDIANO BAJO
LTU;EUROPE;NORTHERN EUROPE;NO DATA;LITHUANIA;INGRESO ALTO
LUX;EUROPE;WESTERN EUROPE;NO DATA;LUXEMBOURG;INGRESO ALTO
LVA;EUROPE;NORTHERN EUROPE;NO DATA;LATVIA;INGRESO ALTO
MAC;ASIA;EASTERN ASIA;NO DATA;MACAO;INGRESO ALTO
MAF;AMERICAS;LATIN AMERICA AND THE CARIBBEAN;CARIBBEAN;SAINT MARTIN (FRENCH PART);INGRESO ALTO
MAR;AFRICA;NORTHERN AFRICA;NO DATA;MOROCCO;PAÍSES DE INGRESO MEDIANO BAJO
MCO;EUROPE;WESTERN EUROPE;NO DATA;MONACO;INGRESO ALTO
MDA;EUROPE;EASTERN EUROPE;NO DATA;MOLDOVA, REPUBLIC OF;INGRESO MEDIANO ALTO
MDG;AFRICA;SUB-SAHARAN AFRICA;EASTERN AFRICA;MADAGASCAR;PAÍSES DE INGRESO BAJO
MDV;ASIA;SOUTHERN ASIA;NO DATA;MALDIVES;INGRESO MEDIANO ALTO
MEX;AMERICAS;LATIN AMERICA AND THE CARIBBEAN;CENTRAL AMERICA;MEXICO;INGRESO MEDIANO ALTO
MHL;OCEANIA;MICRONESIA;NO DATA;MARSHALL ISLANDS;INGRESO MEDIANO ALTO
MKD;EUROPE;SOUTHERN EUROPE;NO DATA;NORTH MACEDONIA;INGRESO MEDIANO ALTO
MLI;AFRICA;SUB-SAHARAN AFRICA;WESTERN AFRICA;MALI;PAÍSES DE INGRESO BAJO
MLT;EUROPE;SOUTHERN EUROPE;NO DATA;MALTA;INGRESO ALTO
MMR;ASIA;SOUTH-EASTERN ASIA;NO DATA;MYANMAR;PAÍSES DE INGRESO MEDIANO BAJO
MNE;EUROPE;SOUTHERN EUROPE;NO DATA;MONTENEGRO;INGRESO MEDIANO ALTO
MNG;ASIA;EASTERN ASIA;NO DATA;MONGOLIA;INGRESO MEDIANO ALTO
MNP;OCEANIA;MICRONESIA;NO DATA;NORTHERN MARIANA ISLANDS;INGRESO ALTO
MOZ;AFRICA;SUB-SAHARAN AFRICA;EASTERN AFRICA;MOZAMBIQUE;PAÍSES DE INGRESO BAJO
MRT;AFRICA;SUB-SAHARAN AFRICA;WESTERN AFRICA;MAURITANIA;PAÍSES DE INGRESO MEDIANO BAJO
MUS;AFRICA;SUB-SAHARAN AFRICA;EASTERN AFRICA;MAURITIUS;INGRESO MEDIANO ALTO
MWI;AFRICA;SUB-SAHARAN AFRICA;EASTERN AFRICA;MALAWI;PAÍSES DE INGRESO BAJO
MYS;ASIA;SOUTH-EASTERN ASIA;NO DATA;MALAYSIA;INGRESO MEDIANO ALTO
NAM;AFRICA;SUB-SAHARAN AFRICA;SOUTHERN AFRICA;NAMIBIA;INGRESO MEDIANO ALTO
NCL;OCEANIA;MELANESIA;NO DATA;NEW CALEDONIA;INGRESO ALTO
NER;AFRICA;SUB-SAHARAN AFRICA;WESTERN AFRICA;NIGER;PAÍSES DE INGRESO BAJO
NGA;AFRICA;SUB-SAHARAN AFRICA;WESTERN AFRICA;NIGERIA;PAÍSES DE INGRESO MEDIANO BAJO
NIC;AMERICAS;LATIN AMERICA AND THE CARIBBEAN;CENTRAL AMERICA;NICARAGUA;PAÍSES DE INGRESO MEDIANO BAJO
NLD;EUROPE;WESTERN EUROPE;NO DATA;NETHERLANDS;INGRESO ALTO
NOR;EUROPE;NORTHERN EUROPE;NO DATA;NORWAY;INGRESO ALTO
NPL;ASIA;SOUTHERN ASIA;NO DATA;NEPAL;PAÍSES DE INGRESO MEDIANO BAJO
NRU;OCEANIA;MICRONESIA;NO DATA;NAURU;INGRESO ALTO
NZL;OCEANIA;AUSTRALIA AND NEW ZEALAND;NO DATA;NEW ZEALAND;INGRESO ALTO
OMN;ASIA;WESTERN ASIA;NO DATA;OMAN;INGRESO ALTO
PAK;ASIA;SOUTHERN ASIA;NO DATA;PAKISTAN;PAÍSES DE INGRESO MEDIANO BAJO
PAN;AMERICAS;LATIN AMERICA AND THE CARIBBEAN;CENTRAL AMERICA;PANAMA;INGRESO ALTO
PER;AMERICAS;LATIN AMERICA AND THE CARIBBEAN;SOUTH AMERICA;PERU;INGRESO MEDIANO ALTO
PHL;ASIA;SOUTH-EASTERN ASIA;NO DATA;PHILIPPINES;PAÍSES DE INGRESO MEDIANO BAJO
PLW;OCEANIA;MICRONESIA;NO DATA;PALAU;INGRESO ALTO
PNG;OCEANIA;MELANESIA;NO DATA;PAPUA NEW GUINEA;PAÍSES DE INGRESO MEDIANO BAJO
POL;EUROPE;EASTERN EUROPE;NO DATA;POLAND;INGRESO ALTO
PRI;AMERICAS;LATIN AMERICA AND THE CARIBBEAN;CARIBBEAN;PUERTO RICO;INGRESO ALTO
PRK;ASIA;EASTERN ASIA;NO DATA;KOREA (DEMOCRATIC PEOPLE'S REPUBLIC OF);PAÍSES DE INGRESO BAJO
PRT;EUROPE;SOUTHERN EUROPE;NO DATA;PORTUGAL;INGRESO ALTO
PRY;AMERICAS;LATIN AMERICA AND THE CARIBBEAN;SOUTH AMERICA;PARAGUAY;INGRESO MEDIANO ALTO
PSE;ASIA;WESTERN ASIA;NO DATA;PALESTINE, STATE OF;PAÍSES DE INGRESO MEDIANO BAJO
PYF;OCEANIA;POLYNESIA;NO DATA;FRENCH POLYNESIA;INGRESO ALTO
QAT;ASIA;WESTERN ASIA;NO DATA;QATAR;INGRESO ALTO
ROU;EUROPE;EASTERN EUROPE;NO DATA;ROMANIA;INGRESO ALTO
RUS;EUROPE;EASTERN EUROPE;NO DATA;RUSSIAN FEDERATION;INGRESO ALTO
RWA;AFRICA;SUB-SAHARAN AFRICA;EASTERN AFRICA;RWANDA;PAÍSES DE INGRESO BAJO
SAU;ASIA;WESTERN ASIA;NO DATA;SAUDI ARABIA;INGRESO ALTO
SDN;AFRICA;NORTHERN AFRICA;NO DATA;SUDAN;PAÍSES DE INGRESO BAJO
SEN;AFRICA;SUB-SAHARAN AFRICA;WESTERN AFRICA;SENEGAL;PAÍSES DE INGRESO MEDIANO BAJO
SGP;ASIA;SOUTH-EASTERN ASIA;NO DATA;SINGAPORE;INGRESO ALTO
SLB;OCEANIA;MELANESIA;NO DATA;SOLOMON ISLANDS;PAÍSES DE INGRESO MEDIANO BAJO
SLE;AFRICA;SUB-SAHARAN AFRICA;WESTERN AFRICA;SIERRA LEONE;PAÍSES DE INGRESO BAJO
SLV;AMERICAS;LATIN AMERICA AND THE CARIBBEAN;CENTRAL AMERICA;EL SALVADOR;INGRESO MEDIANO ALTO
SMR;EUROPE;SOUTHERN EUROPE;NO DATA;SAN MARINO;INGRESO ALTO
SOM;AFRICA;SUB-SAHARAN AFRICA;EASTERN AFRICA;SOMALIA;PAÍSES DE INGRESO BAJO
SRB;EUROPE;SOUTHERN EUROPE;NO DATA;SERBIA;INGRESO MEDIANO ALTO
SSD;AFRICA;SUB-SAHARAN AFRICA;EASTERN AFRICA;SOUTH SUDAN;PAÍSES DE INGRESO BAJO
STP;AFRICA;SUB-SAHARAN AFRICA;MIDDLE AFRICA;SAO TOME AND PRINCIPE;PAÍSES DE INGRESO MEDIANO BAJO
SUR;AMERICAS;LATIN AMERICA AND THE CARIBBEAN;SOUTH AMERICA;SURINAME;INGRESO MEDIANO ALTO
SVK;EUROPE;EASTERN EUROPE;NO DATA;SLOVAKIA;INGRESO ALTO
SVN;EUROPE;SOUTHERN EUROPE;NO DATA;SLOVENIA;INGRESO ALTO
SWE;EUROPE;NORTHERN EUROPE;NO DATA;SWEDEN;INGRESO ALTO
SWZ;AFRICA;SUB-SAHARAN AFRICA;SOUTHERN AFRICA;ESWATINI;PAÍSES DE INGRESO MEDIANO BAJO
SXM;AMERICAS;LATIN AMERICA AND THE CARIBBEAN;CARIBBEAN;SINT MAARTEN (DUTCH PART);INGRESO ALTO
SYC;AFRICA;SUB-SAHARAN AFRICA;EASTERN AFRICA;SEYCHELLES;INGRESO ALTO
SYR;ASIA;WESTERN ASIA;NO DATA;SYRIAN ARAB REPUBLIC;PAÍSES DE INGRESO BAJO
TCA;AMERICAS;LATIN AMERICA AND THE CARIBBEAN;CARIBBEAN;TURKS AND CAICOS ISLANDS;INGRESO ALTO
TCD;AFRICA;SUB-SAHARAN AFRICA;MIDDLE AFRICA;CHAD;PAÍSES DE INGRESO BAJO
TGO;AFRICA;SUB-SAHARAN AFRICA;WESTERN AFRICA;TOGO;PAÍSES DE INGRESO BAJO
THA;ASIA;SOUTH-EASTERN ASIA;NO DATA;THAILAND;INGRESO MEDIANO ALTO
TJK;ASIA;CENTRAL ASIA;NO DATA;TAJIKISTAN;PAÍSES DE INGRESO MEDIANO BAJO
TKM;ASIA;CENTRAL ASIA;NO DATA;TURKMENISTAN;INGRESO MEDIANO ALTO
TLS;ASIA;SOUTH-EASTERN ASIA;NO DATA;TIMOR-LESTE;PAÍSES DE INGRESO MEDIANO BAJO
TON;OCEANIA;POLYNESIA;NO DATA;TONGA;INGRESO MEDIANO ALTO
TTO;AMERICAS;LATIN AMERICA AND THE CARIBBEAN;CARIBBEAN;TRINIDAD AND TOBAGO;INGRESO ALTO
TUN;AFRICA;NORTHERN AFRICA;NO DATA;TUNISIA;PAÍSES DE INGRESO MEDIANO BAJO
TUR;ASIA;WESTERN ASIA;NO DATA;TURKEY;INGRESO MEDIANO ALTO
TUV;OCEANIA;POLYNESIA;NO DATA;TUVALU;INGRESO MEDIANO ALTO
TZA;AFRICA;SUB-SAHARAN AFRICA;EASTERN AFRICA;TANZANIA, UNITED REPUBLIC OF;PAÍSES DE INGRESO MEDIANO BAJO
UGA;AFRICA;SUB-SAHARAN AFRICA;EASTERN AFRICA;UGANDA;PAÍSES DE INGRESO BAJO
UKR;EUROPE;EASTERN EUROPE;NO DATA;UKRAINE;INGRESO MEDIANO ALTO
URY;AMERICAS;LATIN AMERICA AND THE CARIBBEAN;SOUTH AMERICA;URUGUAY;INGRESO ALTO
USA;AMERICAS;NORTHERN AMERICA;NO DATA;UNITED STATES OF AMERICA;INGRESO ALTO
UZB;ASIA;CENTRAL ASIA;NO DATA;UZBEKISTAN;PAÍSES DE INGRESO MEDIANO BAJO
VCT;AMERICAS;LATIN AMERICA AND THE CARIBBEAN;CARIBBEAN;SAINT VINCENT AND THE GRENADINES;INGRESO MEDIANO ALTO
VEN;AMERICAS;LATIN AMERICA AND THE CARIBBEAN;SOUTH AMERICA;VENEZUELA (BOLIVARIAN REPUBLIC OF);NO CLASIFICADO
VGB;AMERICAS;LATIN AMERICA AND THE CARIBBEAN;CARIBBEAN;VIRGIN ISLANDS (BRITISH);INGRESO ALTO
VIR;AMERICAS;LATIN AMERICA AND THE CARIBBEAN;CARIBBEAN;VIRGIN ISLANDS (U.S.);INGRESO ALTO
VNM;ASIA;SOUTH-EASTERN ASIA;NO DATA;VIET NAM;PAÍSES DE INGRESO MEDIANO BAJO
VUT;OCEANIA;MELANESIA;NO DATA;VANUATU;PAÍSES DE INGRESO MEDIANO BAJO
WSM;OCEANIA;POLYNESIA;NO DATA;SAMOA;PAÍSES DE INGRESO MEDIANO BAJO
YEM;ASIA;WESTERN ASIA;NO DATA;YEMEN;PAÍSES DE INGRESO BAJO
ZAF;AFRICA;SUB-SAHARAN AFRICA;SOUTHERN AFRICA;SOUTH AFRICA;INGRESO MEDIANO ALTO
ZMB;AFRICA;SUB-SAHARAN AFRICA;EASTERN AFRICA;ZAMBIA;PAÍSES DE INGRESO MEDIANO BAJO
ZWE;AFRICA;SUB-SAHARAN AFRICA;EASTERN AFRICA;ZIMBABWE;PAÍSES DE INGRESO MEDIANO BAJO
